{"rmse": 5.9737552074420295, "r2": 0.941066225157947, "n_train": 1352, "n_test": 339}